"Name","Color","Rarity","# Seen","ALSA","# Picked","ATA","# GP","% GP","GP WR","# OH","OH WR","# GD","GD WR","# GIH","GIH WR","# GNS","GNS WR","IIH"
"Together as One","","R","9143","2.29","5743","2.23","31853","85.0%","58.6%","5271","62.9%","9514","67.8%","14785","66.1%","15780","50.4%","15.7pp"
"Practiced Offense","W","R","7635","1.89","4861","1.87","29442","90.9%","60.2%","5006","63.6%","7760","66.7%","12766","65.5%","16472","55.8%","9.7pp"
"Antiquities on the Loose","W","R","8127","2.03","4809","2.03","28666","89.7%","60.1%","5148","65.8%","7524","64.6%","12672","65.1%","15789","56.0%","9.1pp"
"Ark of Hunger","WR","R","9049","2.28","5415","2.20","31442","88.3%","59.5%","5540","64.4%","8945","65.1%","14485","64.8%","16621","54.9%","10.0pp"
"Emeritus of Ideation","U","M","2747","1.39","2093","1.38","11884","88.2%","57.8%","2016","62.2%","3631","66.0%","5647","64.7%","5882","50.7%","14.0pp"
"Moment of Reckoning","WB","R","10543","2.60","4598","2.57","23711","78.4%","59.0%","3902","60.5%","6669","66.5%","10571","64.2%","12672","54.0%","10.3pp"
"Improvisation Capstone","R","M","3703","1.86","2419","1.84","14015","88.7%","58.7%","2450","62.7%","4195","64.5%","6645","63.8%","6761","52.9%","10.9pp"
"Stirring Hopesinger","W","R","6413","1.63","4362","1.60","26664","92.8%","59.3%","4773","63.8%","7268","63.6%","12041","63.7%","14525","55.4%","8.2pp"
"Professor Dellian Fel","BG","M","2744","1.32","1969","1.30","10979","86.5%","56.8%","1908","61.1%","2964","63.8%","4872","62.7%","5921","51.6%","11.2pp"
"Crackle with Power","R","M","1121","2.43","592","2.44","3521","91.4%","59.0%","581","55.8%","1113","66.3%","1694","62.7%","1689","53.8%","8.9pp"
"Colorstorm Stallion","UR","R","8600","2.14","4712","2.11","26671","87.7%","57.2%","4579","62.5%","8004","62.7%","12583","62.6%","13301","51.5%","11.1pp"
"Informed Inkwright","W","R","7273","1.85","4359","1.83","25843","90.9%","58.8%","4700","64.2%","6754","61.4%","11454","62.6%","14258","55.7%","6.9pp"
"Snarl Song","G","U","43485","4.82","12792","5.35","61280","74.9%","57.4%","10210","57.6%","18716","64.8%","28926","62.3%","30558","52.0%","10.3pp"
"Subterranean Tremors","R","M","995","2.17","527","2.23","3072","89.7%","57.0%","546","58.6%","919","63.8%","1465","61.8%","1476","51.2%","10.6pp"
"Environmental Scientist","G","U","27268","2.86","10406","3.17","58534","87.8%","56.7%","10877","62.9%","15411","60.7%","26288","61.6%","31343","52.5%","9.1pp"
"Hardened Academic","WR","R","10749","2.66","4554","2.68","24626","83.5%","58.8%","4305","62.6%","6780","60.9%","11085","61.6%","13556","56.4%","5.2pp"
"Exhibition Tidecaller","U","R","10885","2.65","4712","2.66","26002","85.6%","56.9%","4470","58.2%","7941","63.3%","12411","61.5%","12766","51.7%","9.8pp"
"Mathemagics","U","M","5479","2.66","2316","2.69","12056","82.0%","56.9%","2074","54.6%","3818","65.2%","5892","61.5%","5576","50.4%","11.0pp"
"Winds of Abandon","W","M","1029","2.22","542","2.28","3104","90.8%","57.3%","526","54.6%","893","65.5%","1419","61.5%","1662","53.4%","8.0pp"
"Quandrix, the Proof","UG","M","2839","1.45","2002","1.41","11318","89.7%","56.1%","1953","59.9%","3475","62.3%","5428","61.4%","5555","49.9%","11.5pp"
"Ambitious Augmenter","G","R","8644","2.11","4095","2.14","22116","86.0%","56.1%","3986","63.5%","5701","59.4%","9687","61.1%","12106","52.2%","8.9pp"
"Moseo, Vein's New Dean","B","R","7897","1.91","3901","1.91","21769","87.1%","57.0%","3821","60.7%","5558","61.2%","9379","61.0%","12055","53.8%","7.2pp"
"Arcane Omens","B","U","56092","6.55","11118","7.93","33646","47.7%","56.7%","5653","57.4%","10091","62.9%","15744","61.0%","17235","52.3%","8.7pp"
"Splatter Technique","UR","R","9989","2.46","4724","2.46","25659","85.2%","56.4%","4404","57.6%","7833","62.8%","12237","60.9%","12092","50.8%","10.1pp"
"Postmortem Professor","B","R","9784","2.38","3672","2.49","20168","84.9%","57.6%","3729","64.6%","4818","58.0%","8547","60.9%","11529","55.1%","5.8pp"
"Dismember","B","R","1684","1.77","1011","1.87","6287","96.7%","57.3%","1125","60.1%","1692","61.3%","2817","60.8%","3388","54.0%","6.9pp"
"Traumatic Critique","UR","R","8825","2.14","4904","2.15","27674","88.8%","56.5%","4731","57.7%","8319","62.6%","13050","60.8%","13316","51.3%","9.5pp"
"Scolding Administrator","WB","U","34327","3.75","8314","4.39","43882","80.9%","58.5%","7681","62.6%","10901","59.5%","18582","60.8%","25191","56.8%","4.0pp"
"Reprieve","W","R","3784","3.61","1098","4.07","5619","79.3%","57.3%","1022","59.8%","1503","61.3%","2525","60.7%","3040","54.3%","6.4pp"
"Stress Dream","UR","U","32873","3.46","11532","3.97","65568","88.9%","56.7%","11038","56.9%","19895","62.7%","30933","60.7%","32102","52.3%","8.3pp"
"Brotherhood's End","R","R","3359","3.35","923","3.86","4486","75.5%","56.8%","771","58.2%","1331","61.8%","2102","60.5%","2268","53.1%","7.4pp"
"Blech, Loafing Pest","BG","R","9702","2.41","3469","2.40","17265","79.4%","55.6%","3032","62.6%","4333","59.0%","7365","60.5%","9657","51.7%","8.8pp"
"Molten Note","WR","U","40571","4.30","11351","5.06","59730","81.5%","58.2%","10091","57.8%","16661","61.9%","26752","60.3%","32528","56.3%","4.0pp"
"Emeritus of Woe","B","M","2970","1.44","2028","1.41","11327","87.2%","57.0%","1912","59.9%","3088","60.6%","5000","60.3%","6169","54.1%","6.2pp"
"Pursue the Past","WR","C","128419","6.45","25644","8.12","106471","64.5%","58.5%","18442","59.4%","28493","60.8%","46935","60.3%","59218","57.1%","3.2pp"
"Molten-Core Maestro","R","R","7832","1.93","4611","1.95","27403","93.4%","56.8%","4947","61.9%","7836","59.2%","12783","60.2%","14247","53.8%","6.5pp"
"Stock Up","U","U","26109","2.86","10072","3.25","58044","90.9%","56.2%","10159","57.5%","17139","61.8%","27298","60.2%","29373","52.1%","8.1pp"
"Elite Interceptor","W","C","101201","4.56","26269","5.42","150410","87.6%","59.0%","27427","61.6%","38633","59.0%","66060","60.0%","83835","58.1%","2.0pp"
"Silverquill Charm","WB","U","39612","4.19","8354","5.16","42129","78.0%","58.3%","7198","58.3%","10772","61.1%","17970","60.0%","23782","56.8%","3.2pp"
"Practiced Scrollsmith","WR","U","37229","3.96","11351","4.56","62305","84.6%","58.3%","10522","56.9%","17535","61.9%","28057","60.0%","34026","56.7%","3.3pp"
"Strixhaven Skycoach","","U","43851","4.37","12675","5.23","65312","80.6%","57.4%","12130","58.7%","17546","60.7%","29676","59.9%","35216","55.3%","4.6pp"
"Repel Calamity","W","U","34250","3.63","9579","4.27","54814","88.8%","58.2%","9381","57.8%","14423","61.2%","23804","59.9%","30559","56.7%","3.1pp"
"Colossus of the Blood Age","WR","U","39099","4.14","11549","4.85","60134","81.1%","57.8%","10017","56.4%","17536","61.7%","27553","59.8%","32328","56.0%","3.8pp"
"Conciliator's Duelist","WB","R","11007","2.75","3895","2.77","19374","77.1%","57.3%","3269","58.4%","5079","60.6%","8348","59.7%","10833","55.1%","4.7pp"
"Impractical Joke","R","U","29101","3.08","11403","3.50","68057","93.0%","57.3%","12122","57.6%","19534","61.0%","31656","59.7%","35204","55.0%","4.7pp"
"Jadzi, Steward of Fate","U","R","7906","1.93","4608","1.95","26517","90.7%","56.0%","4702","57.7%","7789","60.9%","12491","59.7%","13379","52.0%","7.7pp"
"Emeritus of Truce","W","M","3544","1.77","1982","1.76","11136","87.3%","57.1%","1992","59.4%","2953","59.8%","4945","59.6%","6155","54.9%","4.7pp"
"Emeritus of Abundance","G","M","3140","1.59","1939","1.57","10941","87.8%","55.6%","1912","56.4%","2995","61.7%","4907","59.6%","5763","51.9%","7.8pp"
"Slumbering Trudge","G","R","8988","2.16","4085","2.19","22238","86.1%","55.8%","3990","61.6%","6076","58.3%","10066","59.6%","11658","52.3%","7.3pp"
"Scheming Silvertongue","B","R","7561","1.83","3699","1.85","20659","87.9%","56.4%","3833","59.8%","5191","59.5%","9024","59.6%","11447","53.9%","5.7pp"
"Pestbrood Sloth","G","U","35352","3.66","8552","4.52","46791","86.7%","56.4%","8155","59.3%","12601","59.6%","20756","59.5%","25401","53.6%","5.9pp"
"End of the Hunt","B","U","33049","3.45","8652","4.16","47920","85.8%","57.1%","8389","57.0%","12333","61.0%","20722","59.4%","26687","55.2%","4.2pp"
"Applied Geometry","UG","R","10092","2.41","4551","2.48","23977","84.2%","55.2%","4036","56.5%","6984","60.7%","11020","59.2%","12366","51.3%","7.9pp"
"Sundering Archaic","","U","47810","4.87","11914","6.07","52123","69.7%","55.6%","8560","54.6%","16021","61.6%","24581","59.2%","26374","51.8%","7.3pp"
"Vicious Rivalry","BG","R","10933","2.66","3941","2.78","20034","80.7%","55.4%","3527","57.7%","5409","60.1%","8936","59.1%","10849","52.1%","7.0pp"
"Daze","U","R","4497","4.39","868","5.58","3456","64.0%","54.9%","574","58.5%","996","59.4%","1570","59.1%","1799","50.7%","8.4pp"
"Germination Practicum","G","M","3191","1.58","2006","1.56","10949","86.8%","54.9%","1880","57.5%","2969","60.1%","4849","59.1%","5867","50.9%","8.2pp"
"Burst Lightning","R","U","27951","2.99","10736","3.42","63646","92.8%","56.6%","11054","57.3%","18233","60.1%","29287","59.0%","33102","54.2%","4.8pp"
"Pensive Professor","U","R","8564","2.10","4258","2.10","23778","89.4%","54.7%","4185","58.2%","6944","59.5%","11129","59.0%","12111","50.5%","8.5pp"
"Vibrant Outburst","UR","U","34378","3.54","9896","4.27","54129","86.5%","55.7%","9433","56.1%","16131","60.6%","25564","59.0%","26621","51.9%","7.1pp"
"Foolish Fate","B","U","26157","2.76","8578","3.22","50376","91.9%","56.7%","8714","55.7%","13022","61.2%","21736","59.0%","28089","54.7%","4.2pp"
"Essenceknit Scholar","BG","U","32770","3.48","7197","4.24","37502","82.6%","55.8%","6592","59.5%","9352","58.5%","15944","58.9%","20952","53.4%","5.5pp"
"Abrade","R","U","28750","3.04","10014","3.56","59404","93.0%","56.6%","10264","57.5%","16987","59.7%","27251","58.8%","31023","54.3%","4.5pp"
"Stirring Honormancer","WB","U","42680","4.58","9155","5.66","42228","71.9%","57.7%","6935","56.5%","11058","60.3%","17993","58.8%","23943","56.8%","2.1pp"
"Rubble Rouser","R","C","117093","5.50","25855","6.93","128329","77.2%","57.4%","22791","59.0%","35700","58.6%","58491","58.8%","69239","56.1%","2.7pp"
"Akroma's Will","W","M","977","2.08","545","2.03","2995","86.2%","57.2%","500","52.4%","792","62.8%","1292","58.7%","1671","55.8%","3.0pp"
"Matterbending Mage","U","U","35615","3.69","10581","4.41","58824","87.6%","55.9%","10319","55.4%","17214","60.6%","27533","58.6%","29877","53.1%","5.6pp"
"Paradox Surveyor","UG","U","40724","4.30","9473","5.36","46334","77.5%","55.4%","8107","57.3%","13311","59.4%","21418","58.6%","24017","52.3%","6.3pp"
"Divergent Equation","U","U","49851","5.54","10654","6.80","45159","67.4%","55.7%","7549","52.2%","14158","62.1%","21707","58.6%","21812","51.9%","6.7pp"
"Echocasting Symposium","U","M","3456","1.78","2107","1.75","11516","86.5%","54.7%","1930","54.5%","3428","60.9%","5358","58.6%","5617","49.8%","8.8pp"
"Ajani's Response","W","C","111391","5.00","20839","6.65","104997","78.1%","57.4%","17824","56.5%","28562","59.8%","46386","58.5%","57796","56.3%","2.2pp"
"Sanar, Unfinished Genius","UR","U","35060","3.71","9886","4.44","51953","83.5%","55.1%","9014","59.1%","15556","58.1%","24570","58.5%","26173","51.6%","6.8pp"
"Startled Relic Sloth","WR","U","37457","4.02","9862","4.80","52864","83.0%","57.8%","8907","57.6%","14821","58.8%","23728","58.4%","29151","57.3%","1.0pp"
"Restoration Seminar","W","M","4129","2.13","2080","2.08","10456","78.9%","55.7%","1754","56.4%","2921","59.5%","4675","58.4%","5659","53.1%","5.3pp"
"Unsubtle Mockery","R","C","89594","3.97","24894","4.94","146178","91.9%","56.4%","25373","56.4%","41875","59.5%","67248","58.3%","76108","54.6%","3.7pp"
"Great Hall of the Biblioplex","","R","18265","3.82","4192","4.83","22026","84.4%","55.6%","3967","55.0%","6101","60.4%","10068","58.3%","11543","53.1%","5.2pp"
"Library of Alexandria","","M","1061","2.54","450","","2562","87.1%","56.1%","500","68.6%","713","51.1%","1213","58.3%","1305","53.8%","4.5pp"
"Wisdom of Ages","U","R","20646","4.44","4836","5.27","19999","65.5%","55.5%","3243","50.3%","6510","62.1%","9753","58.2%","9469","51.2%","6.9pp"
"Proctor's Gaze","UG","U","41052","4.24","10097","5.24","50771","80.1%","55.2%","8670","55.1%","14744","60.0%","23414","58.2%","26367","52.3%","5.9pp"
"Brush Off","U","U","52512","5.79","9406","7.58","35267","60.0%","55.3%","5888","53.9%","10549","60.6%","16437","58.2%","17830","51.8%","6.3pp"
"Additive Evolution","G","U","34097","3.68","8120","4.44","41605","81.6%","55.0%","6928","56.8%","11256","59.0%","18184","58.2%","22873","52.2%","6.0pp"
"Lecturing Scornmage","B","U","37482","4.02","7569","4.94","38863","80.4%","57.4%","7014","60.7%","8993","56.0%","16007","58.1%","22694","56.9%","1.2pp"
"Murmuring Mystic","U","U","1317","2.81","505","3.03","2855","90.4%","54.7%","489","","892","59.6%","1381","58.1%","1384","51.4%","6.6pp"
"Tome Blast","R","C","102057","4.55","25544","5.69","144354","88.0%","56.8%","25553","55.9%","40404","59.4%","65957","58.1%","76318","55.5%","2.6pp"
"Expressive Iteration","UR","R","3380","3.29","1018","3.78","5314","82.6%","55.4%","926","56.0%","1587","59.2%","2513","58.0%","2653","52.4%","5.7pp"
"Sundown Pass","","R","19413","3.86","4383","5.15","21745","79.1%","56.4%","4107","57.4%","5874","58.4%","9981","58.0%","11562","55.0%","3.1pp"
"Bitter Triumph","B","U","26364","2.87","7903","3.36","45449","90.5%","56.0%","7935","56.5%","11878","58.9%","19813","57.9%","25191","54.3%","3.6pp"
"Last Gasp","B","C","87973","3.82","19841","4.87","112490","88.5%","56.5%","19544","56.6%","28595","58.8%","48139","57.9%","63405","55.4%","2.5pp"
"Render Speechless","WB","C","137200","7.12","20749","9.53","58645","44.2%","57.6%","9812","56.8%","14939","58.6%","24751","57.9%","33369","57.2%","0.7pp"
"Lorehold, the Historian","WR","M","2981","1.50","2159","1.47","11968","89.3%","55.2%","1990","55.2%","3494","59.4%","5484","57.9%","6377","52.6%","5.3pp"
"Transcendent Archaic","","U","52695","5.55","9962","7.34","33909","54.7%","54.5%","5608","53.6%","10244","60.2%","15852","57.9%","17414","50.8%","7.0pp"
"Artistic Process","R","U","37789","3.94","9901","4.82","52748","84.1%","56.0%","8783","54.2%","15717","59.9%","24500","57.9%","26854","54.0%","3.8pp"
"Suspend Aggression","WR","R","16962","3.89","4795","4.46","21790","71.5%","56.9%","3694","56.4%","6084","58.7%","9778","57.9%","11905","56.0%","1.8pp"
"Shattered Sanctum","","R","18966","3.82","3703","5.23","17177","73.7%","56.2%","3074","58.5%","4342","57.4%","7416","57.8%","9607","54.9%","2.9pp"
"Fields of Strife","","C","150810","5.89","30081","8.09","145280","76.2%","56.6%","27039","58.4%","39020","57.5%","66059","57.8%","78101","55.5%","2.4pp"
"Mind into Matter","UG","R","10951","2.60","4391","2.66","22363","82.2%","54.4%","3843","53.9%","6416","60.2%","10259","57.8%","11321","50.5%","7.3pp"
"Potioner's Trove","","C","121216","5.46","24858","7.03","110126","70.9%","55.0%","20695","56.6%","31524","58.6%","52219","57.8%","56021","52.2%","5.6pp"
"Wilt in the Heat","WR","C","119056","5.59","25330","7.19","117396","72.5%","57.2%","19746","55.7%","32713","59.0%","52459","57.8%","64353","56.6%","1.2pp"
"Stand Up for Yourself","W","U","38641","4.09","8876","5.04","48005","84.1%","57.3%","8132","55.1%","12727","59.5%","20859","57.8%","26822","56.9%","0.9pp"
"Archaic's Agony","R","U","57892","6.60","11182","8.56","29500","42.0%","55.2%","4940","52.9%","9092","60.4%","14032","57.7%","14842","52.1%","5.6pp"
"Imperious Inkmage","WB","C","132580","6.70","18547","9.18","67886","57.0%","57.5%","11657","58.5%","16663","57.2%","28320","57.7%","39330","57.4%","0.3pp"
"Dissection Practice","B","U","41402","4.33","7267","5.65","34964","76.3%","55.8%","6094","57.2%","8349","58.0%","14443","57.6%","20338","54.4%","3.2pp"
"Run Behind","U","C","129833","6.08","23130","8.22","100981","69.8%","55.2%","17244","54.7%","30251","59.3%","47495","57.6%","51444","52.7%","5.0pp"
"Charging Strifeknight","R","U","44153","4.61","9919","5.79","51380","81.3%","56.6%","9006","57.3%","14384","57.8%","23390","57.6%","27691","55.8%","1.8pp"
"Prismari Charm","UR","U","43100","4.49","9235","5.71","45627","78.6%","55.1%","7916","55.3%","13681","58.9%","21597","57.6%","22624","52.4%","5.1pp"
"Cost of Brilliance","B","C","130919","6.30","18210","8.72","67032","57.5%","57.0%","11517","56.7%","16636","58.1%","28153","57.5%","38438","56.4%","1.1pp"
"Living History","R","U","50787","5.63","10473","7.00","45299","67.7%","57.9%","8074","58.2%","12231","57.0%","20305","57.5%","24918","58.2%","-0.7pp"
"Inkshape Demonstrator","W","U","41752","4.52","8413","5.65","41693","77.0%","57.3%","7082","57.7%","10777","57.4%","17859","57.5%","23733","57.0%","0.5pp"
"Stormcarved Coast","","R","18300","3.67","4386","4.84","22747","83.1%","54.7%","4287","54.7%","6399","59.3%","10686","57.5%","11499","52.0%","5.4pp"
"Quandrix Charm","UG","U","46252","4.92","8307","6.58","35467","68.4%","54.2%","6100","55.1%","10009","58.9%","16109","57.4%","18824","51.2%","6.2pp"
"Garrison Excavator","R","U","41635","4.53","9824","5.48","48461","76.7%","57.4%","8228","56.2%","13508","58.2%","21736","57.4%","26735","57.3%","0.2pp"
"Stone Docent","W","C","123893","5.75","23206","7.54","117626","78.4%","57.8%","21018","58.6%","29015","56.6%","50033","57.4%","67514","58.1%","-0.7pp"
"Group Project","W","U","41194","4.39","10273","5.29","54589","82.3%","57.6%","9877","57.8%","13489","57.1%","23366","57.4%","31187","57.8%","-0.4pp"
"Skycoach Conductor","U","R","9695","2.31","4165","2.42","22456","85.3%","54.8%","3832","55.3%","6519","58.6%","10351","57.4%","11603","52.3%","5.1pp"
"Tablet of Discovery","R","U","43421","4.67","9945","5.77","43339","69.8%","55.5%","7664","55.7%","12784","58.4%","20448","57.4%","22101","53.6%","3.8pp"
"Studious First-Year","G","C","88551","3.87","19766","4.88","105608","86.5%","54.4%","19446","59.5%","27638","55.7%","47084","57.3%","57377","52.1%","5.2pp"
"Knockout Maneuver","G","U","37884","4.00","7431","5.18","37334","80.8%","54.4%","6286","54.3%","9862","59.1%","16148","57.3%","20725","52.1%","5.2pp"
"Flow State","U","U","36851","3.81","9675","4.67","50050","83.4%","54.7%","8894","53.1%","14980","59.7%","23874","57.3%","24784","51.9%","5.4pp"
"Cyclonic Rift","U","M","885","1.94","475","","2679","90.8%","55.0%","453","","779","60.6%","1232","57.2%","1367","52.1%","5.1pp"
"Wildgrowth Archaic","G","R","7550","1.86","3990","1.88","22118","88.8%","54.3%","3974","57.8%","6017","56.9%","9991","57.2%","11682","51.8%","5.4pp"
"Essence Scatter","U","C","116437","5.30","23869","6.91","120124","80.7%","54.7%","21257","55.3%","34789","58.4%","56046","57.2%","61215","52.1%","5.1pp"
"Quill-Blade Laureate","W","U","34342","3.66","8796","4.42","49192","87.5%","57.2%","8962","57.2%","12340","57.1%","21302","57.2%","27774","57.2%","-0.0pp"
"Deduce","U","U","47968","5.15","8676","6.94","38415","71.2%","54.7%","6841","55.9%","11239","57.9%","18080","57.2%","19586","52.2%","5.0pp"
"Grapple with Death","BG","C","91235","4.06","17139","5.35","90713","84.6%","54.8%","15395","53.5%","23769","59.5%","39164","57.2%","50599","52.8%","4.4pp"
"Mana Sculpt","U","R","16446","3.67","4112","4.35","19030","73.8%","54.5%","3176","53.7%","5810","59.0%","8986","57.1%","9526","51.2%","5.9pp"
"Magmablood Archaic","R","R","9952","2.44","4567","2.50","24692","86.6%","55.3%","4257","54.9%","7407","58.4%","11664","57.1%","12764","53.5%","3.6pp"
"Prismatic Ending","W","R","4360","4.27","975","5.53","3543","57.9%","54.8%","600","53.8%","1001","59.0%","1601","57.1%","1874","52.2%","4.8pp"
"Terramorphic Expanse","","C","113309","4.61","25591","6.33","151910","94.2%","55.6%","28817","57.6%","39834","56.6%","68651","57.0%","81943","54.5%","2.6pp"
"Monstrous Rage","R","U","48245","5.35","7917","7.21","28266","56.6%","55.5%","4659","56.1%","7393","57.5%","12052","57.0%","16044","54.2%","2.7pp"
"Vastlands Scavenger","G","R","8385","2.04","3689","2.05","19322","84.8%","54.2%","3409","55.8%","5128","57.8%","8537","57.0%","10487","52.0%","5.0pp"
"Killian's Confidence","WB","U","39741","4.40","7764","5.46","36737","74.5%","56.7%","6181","56.0%","8753","57.5%","14934","56.9%","21645","56.5%","0.4pp"
"Spectacle Summit","","C","143978","5.46","29111","7.49","149926","81.9%","55.1%","27883","56.2%","42471","57.3%","70354","56.9%","77304","53.4%","3.5pp"
"Erode","W","R","10750","2.51","3352","2.74","17380","82.6%","55.8%","3024","53.6%","4648","58.9%","7672","56.8%","9562","54.9%","1.9pp"
"Disdainful Stroke","U","U","47350","5.11","8655","6.83","38677","71.8%","54.4%","6692","53.4%","11464","58.8%","18156","56.8%","19511","51.5%","5.3pp"
"Eager Glyphmage","W","C","129674","6.25","20875","8.52","78475","58.6%","57.2%","13326","56.5%","20167","56.9%","33493","56.8%","44746","57.5%","-0.7pp"
"Lluwen, Exchange Student","BG","U","33850","3.63","6665","4.59","32892","78.9%","54.4%","5447","53.5%","8219","58.9%","13666","56.8%","18774","52.5%","4.2pp"
"Dreamroot Cascade","","R","18428","3.63","4060","4.81","19856","78.4%","54.5%","3760","55.6%","5313","57.6%","9073","56.8%","10295","52.4%","4.3pp"
"Cuboid Colony","UG","U","39853","4.23","7806","5.49","37053","76.6%","53.9%","6524","56.7%","10258","56.6%","16782","56.7%","19716","51.5%","5.2pp"
"Inkling Mascot","WB","C","126826","6.29","19074","8.38","82469","67.0%","57.3%","14394","58.1%","19507","55.5%","33901","56.6%","48307","57.8%","-1.1pp"
"Snooping Page","WB","U","38087","4.13","7775","5.09","39131","78.9%","56.5%","6957","57.6%","9695","55.8%","16652","56.6%","22383","56.4%","0.2pp"
"Interjection","W","C","140287","7.29","17774","10.41","30760","27.1%","56.2%","5053","55.3%","7643","57.4%","12696","56.5%","17984","56.0%","0.6pp"
"Heated Argument","R","C","124909","5.75","22091","7.90","96345","69.0%","55.1%","16055","52.5%","27818","58.8%","43873","56.5%","50943","53.8%","2.7pp"
"Spirit Mascot","WR","C","122400","6.05","22126","7.87","104363","73.7%","57.3%","18236","57.6%","27684","55.7%","45920","56.5%","58488","57.9%","-1.5pp"
"Brain Freeze","U","R","4622","4.77","903","6.10","2803","50.2%","54.4%","464","","931","59.7%","1395","56.4%","1288","50.6%","5.8pp"
"Big Score","R","R","4070","3.92","812","4.95","3752","73.0%","54.6%","638","53.0%","1155","58.3%","1793","56.4%","1906","52.8%","3.6pp"
"Visionary's Dance","UR","C","122105","5.65","22660","7.70","103663","73.2%","54.3%","18512","52.0%","31277","59.0%","49789","56.4%","50426","51.4%","4.9pp"
"Kirol, History Buff","WR","U","42129","4.54","9330","5.61","46945","79.0%","56.8%","8254","57.4%","12536","55.5%","20790","56.3%","26191","57.2%","-1.0pp"
"Thunderdrum Soloist","R","U","42680","4.56","8193","5.97","39180","75.6%","54.8%","7012","56.1%","10996","56.4%","18008","56.3%","20567","53.3%","2.9pp"
"Joined Researchers","W","R","18167","4.02","3742","5.02","17574","73.7%","56.7%","3197","56.8%","4400","55.9%","7597","56.3%","9955","56.9%","-0.6pp"
"Paradox Gardens","","C","143985","5.43","26712","7.50","132154","79.4%","54.2%","25078","55.8%","35939","56.6%","61017","56.2%","68911","52.3%","3.9pp"
"Decorum Dissertation","B","M","4107","2.03","1785","2.05","8830","79.8%","54.2%","1440","54.3%","2237","57.4%","3677","56.2%","5060","52.5%","3.7pp"
"Melancholic Poet","B","C","117607","5.40","17169","7.44","84510","76.9%","56.4%","15483","56.3%","19915","56.1%","35398","56.2%","48686","56.5%","-0.3pp"
"Planar Engineering","G","R","18538","4.26","2985","5.66","9021","48.7%","53.2%","1549","53.6%","2530","57.7%","4079","56.2%","4858","50.7%","5.5pp"
"Empty the Warrens","R","R","4849","5.00","691","6.80","1661","38.1%","51.7%","287","","477","","764","56.2%","850","48.1%","8.0pp"
"Tragedy Feaster","B","R","10699","2.63","3134","2.82","15684","80.7%","55.1%","2644","55.1%","3937","56.8%","6581","56.1%","8926","54.0%","2.2pp"
"Hop to It","W","U","47465","5.23","8426","6.84","34878","65.1%","56.0%","6171","55.6%","8899","56.5%","15070","56.1%","19711","55.9%","0.3pp"
"Shattered Acolyte","W","C","127856","5.97","19684","8.27","83838","66.3%","56.9%","15338","56.8%","20504","55.6%","35842","56.1%","47825","57.5%","-1.4pp"
"Forum of Amity","","C","150061","5.75","25360","8.17","111826","69.6%","55.8%","20941","57.4%","27585","55.1%","48526","56.1%","62520","55.5%","0.6pp"
"Preordain","U","R","3875","3.76","835","4.82","4077","79.7%","54.6%","742","53.1%","1160","58.0%","1902","56.1%","2077","52.8%","3.3pp"
"Cauldron of Essence","BG","R","10090","2.47","3342","2.54","15383","75.2%","53.5%","2713","52.4%","3826","58.7%","6539","56.1%","8715","51.5%","4.6pp"
"Ascendant Dustspeaker","W","C","132688","6.42","19255","9.00","65297","53.1%","56.4%","10831","54.6%","17452","57.0%","28283","56.1%","36989","56.5%","-0.5pp"
"Homesickness","U","U","47367","5.06","8960","6.63","38881","70.1%","53.8%","6480","51.5%","11650","58.6%","18130","56.0%","19682","51.1%","4.9pp"
"Royal Treatment","G","U","48919","5.25","7148","7.39","27913","63.6%","53.9%","4741","54.4%","7064","57.1%","11805","56.0%","15901","52.2%","3.9pp"
"Dig Site Inventory","W","C","123463","5.80","19584","7.90","82667","66.2%","56.4%","14029","55.2%","19862","56.7%","33891","56.0%","48610","56.6%","-0.6pp"
"Wander Off","B","C","89708","3.88","17519","5.20","95723","87.2%","55.0%","16118","53.1%","24838","57.9%","40956","56.0%","53845","54.1%","1.9pp"
"Burrog Barrage","G","C","119385","5.48","18431","7.45","82224","71.4%","54.3%","13939","53.1%","21484","57.9%","35423","56.0%","46049","52.8%","3.2pp"
"Sleight of Hand","U","U","49311","5.34","7741","7.45","29959","63.0%","53.6%","5302","53.5%","8897","57.4%","14199","56.0%","15258","51.2%","4.8pp"
"Deathcap Glade","","R","18449","3.70","3441","5.04","16755","77.1%","54.1%","3158","55.3%","4239","56.5%","7397","56.0%","9035","52.5%","3.5pp"
"Thornfist Striker","G","U","45796","4.86","6977","6.55","31122","71.2%","54.5%","5412","55.7%","7762","56.1%","13174","56.0%","17636","53.2%","2.8pp"
"Embrace the Paradox","UG","C","129698","6.24","20291","8.62","74946","59.2%","53.9%","12427","51.3%","21565","58.7%","33992","56.0%","39731","52.0%","4.0pp"
"Owlin Historian","W","C","130314","6.26","19319","8.73","73540","59.5%","56.5%","12793","55.4%","19311","56.3%","32104","55.9%","41454","56.9%","-1.0pp"
"Masterful Flourish","B","C","140566","7.23","15395","10.60","26750","27.4%","55.7%","4402","55.0%","6368","56.4%","10770","55.8%","15835","55.5%","0.3pp"
"Duel Tactics","R","U","56305","6.36","8372","8.88","20614","38.6%","55.5%","3505","54.3%","5343","56.7%","8848","55.8%","11639","55.2%","0.6pp"
"Expressive Firedancer","R","C","130560","6.32","21214","8.66","79519","58.7%","55.5%","14200","57.1%","21263","54.8%","35463","55.8%","43378","55.2%","0.6pp"
"Noxious Newt","G","C","102026","4.45","17258","5.98","92578","86.5%","54.1%","16880","55.6%","23935","55.8%","40815","55.7%","50735","52.9%","2.8pp"
"Poisoner's Apprentice","B","U","38681","4.08","7137","5.16","34386","76.5%","54.8%","5936","55.1%","8215","56.0%","14151","55.6%","19759","53.9%","1.7pp"
"Titan's Grave","","C","145490","5.51","23788","7.82","116883","78.9%","54.8%","22084","56.2%","29583","55.2%","51667","55.6%","63747","54.0%","1.7pp"
"Bogwater Lumaret","BG","C","100459","4.72","15625","6.29","76844","78.9%","54.7%","13428","56.2%","18590","55.2%","32018","55.6%","43777","53.9%","1.7pp"
"Bring to Light","UG","R","5320","5.01","749","6.99","1276","27.3%","55.0%","214","","392","","606","55.6%","659","54.2%","1.4pp"
"Resonating Lute","UR","R","11964","2.87","4407","3.01","20007","74.2%","53.1%","3455","53.5%","6085","56.8%","9540","55.6%","9829","50.1%","5.5pp"
"Send in the Pest","B","C","122376","5.65","17571","7.82","71599","64.2%","55.1%","12819","55.9%","17240","55.2%","30059","55.5%","41232","54.8%","0.8pp"
"Quick Study","U","C","131943","6.33","19007","8.97","62876","53.3%","53.4%","10999","53.6%","18538","56.7%","29537","55.5%","32141","51.2%","4.3pp"
"Shared Roots","G","U","39414","4.25","7601","5.44","35344","75.3%","53.6%","6451","56.3%","9411","54.9%","15862","55.5%","19243","52.1%","3.4pp"
"Stargaze","B","U","57349","6.77","7046","9.86","11657","26.5%","55.3%","1962","51.3%","2905","58.3%","4867","55.5%","6731","54.9%","0.6pp"
"Flashback","R","R","19143","4.22","3524","5.68","13137","58.7%","54.0%","2191","50.9%","3847","58.0%","6038","55.4%","6792","52.3%","3.1pp"
"Primary Research","W","U","42285","4.61","8740","5.79","37025","67.3%","55.9%","6137","53.6%","10040","56.6%","16177","55.4%","20750","56.3%","-0.8pp"
"Berta, Wise Extrapolator","UG","R","9144","2.25","3909","2.33","20487","86.1%","53.0%","3494","52.9%","6020","56.9%","9514","55.4%","10572","50.5%","4.9pp"
"Banishing Betrayal","U","C","132320","6.35","19346","9.00","66640","55.5%","53.1%","11813","51.1%","19290","58.1%","31103","55.4%","34037","50.8%","4.6pp"
"Emeritus of Conflict","R","M","4061","2.04","1953","2.10","10719","87.5%","54.8%","1960","54.2%","2993","56.2%","4953","55.4%","5604","54.3%","1.1pp"
"Elemental Mascot","UR","C","125846","6.15","19084","8.53","73963","61.5%","54.0%","12610","54.2%","21621","56.0%","34231","55.4%","38186","52.6%","2.8pp"
"Feed the Swarm","B","U","33275","3.58","6654","4.63","35653","85.6%","54.7%","6313","53.1%","9086","56.5%","15399","55.1%","19946","54.2%","0.9pp"
"Sheoldred's Edict","B","R","3332","3.16","610","4.11","2657","72.0%","53.6%","467","","669","54.4%","1136","55.1%","1507","52.1%","3.0pp"
"Silverquill, the Disputant","WB","M","3423","1.71","1801","1.69","9183","80.5%","54.4%","1533","54.5%","2529","55.3%","4062","55.0%","5057","53.6%","1.4pp"
"Grim Haruspex","B","R","1135","2.48","346","","1735","80.4%","54.6%","303","","412","","715","55.0%","1003","54.2%","0.7pp"
"Prismari, the Inspiration","UR","M","4132","2.11","1754","2.19","9038","83.2%","53.1%","1457","49.1%","2795","58.0%","4252","55.0%","4564","50.9%","4.1pp"
"Infirmary Healer","G","U","46374","4.72","7491","6.45","35597","76.6%","54.0%","6354","52.5%","9144","56.6%","15498","54.9%","19733","53.2%","1.7pp"
"Zealous Lorecaster","R","C","140272","7.01","21515","9.87","58843","43.2%","54.4%","9637","49.2%","17773","58.0%","27410","54.9%","30591","53.5%","1.4pp"
"Seize the Spoils","R","C","135642","6.62","20820","9.36","59571","45.5%","53.9%","10606","52.8%","17350","56.1%","27956","54.9%","30818","52.8%","2.1pp"
"Eternal Student","B","U","44017","4.63","8201","6.05","37962","73.3%","55.3%","6576","53.7%","9101","55.7%","15677","54.9%","22153","55.6%","-0.7pp"
"Campus Composer","U","U","41806","4.40","7794","5.81","36708","76.0%","53.4%","6125","52.0%","10710","56.5%","16835","54.9%","19194","52.0%","2.8pp"
"Rapier Wit","W","C","138156","7.05","17730","10.12","34597","30.6%","55.2%","5828","52.4%","8619","56.5%","14447","54.8%","19985","55.4%","-0.6pp"
"Grave Researcher","B","R","7948","1.94","3316","1.96","18539","89.4%","54.5%","3194","55.3%","4792","54.5%","7986","54.8%","10343","54.0%","0.9pp"
"Old-Growth Educator","BG","U","41930","4.49","6161","6.16","28512","74.0%","53.9%","4716","54.0%","7203","55.4%","11919","54.8%","16301","53.0%","1.8pp"
"Fractal Mascot","UG","C","133939","6.64","17952","9.55","53985","48.6%","52.9%","8844","50.1%","15776","57.4%","24620","54.8%","28476","50.9%","3.8pp"
"Topiary Lecturer","G","U","40142","4.21","6820","5.50","31160","74.6%","52.7%","5644","54.3%","8208","55.1%","13852","54.7%","16938","51.0%","3.7pp"
"Rehearsed Debater","W","C","135510","6.70","18795","9.46","54597","46.0%","55.7%","9575","56.0%","13128","53.8%","22703","54.7%","31824","56.4%","-1.6pp"
"Soaring Stoneglider","W","U","42131","4.48","7719","5.78","37303","76.2%","55.2%","6388","52.3%","9830","56.3%","16218","54.7%","21085","55.5%","-0.8pp"
"Chase Inspiration","U","C","145591","8.02","17747","11.48","18749","17.1%","53.2%","3101","51.2%","5371","56.6%","8472","54.6%","9976","51.7%","2.9pp"
"Lorehold Charm","WR","U","51578","5.74","8195","7.89","25573","49.9%","55.1%","4350","53.0%","6646","55.6%","10996","54.6%","14567","55.4%","-0.9pp"
"Stadium Tidalmage","UR","C","137076","6.94","19608","9.79","53683","44.0%","53.2%","8921","52.8%","16104","55.5%","25025","54.5%","27619","51.9%","2.7pp"
"Abigale, Poet Laureate","WB","U","34790","3.83","6902","4.75","33907","77.8%","55.6%","5928","54.7%","8424","54.5%","14352","54.5%","19393","56.3%","-1.7pp"
"Summoned Dromedary","W","U","44582","4.81","8163","6.40","35750","69.6%","55.3%","6018","53.6%","9165","55.2%","15183","54.5%","20637","55.7%","-1.2pp"
"Hydro-Channeler","U","C","125152","5.86","20259","8.11","89535","71.9%","53.5%","16232","54.1%","25410","54.8%","41642","54.5%","46915","52.6%","2.0pp"
"Burrog Banemaker","B","C","125367","5.81","15438","8.44","59011","60.9%","54.2%","10542","55.3%","14111","53.9%","24653","54.5%","33940","53.9%","0.6pp"
"Adventurous Eater","B","C","122971","5.57","15534","8.01","66766","68.6%","54.6%","11528","53.4%","16310","55.3%","27838","54.5%","38491","54.7%","-0.2pp"
"Rancorous Archaic","","C","144330","7.42","19391","10.59","34936","28.9%","52.4%","5710","49.4%","10618","57.2%","16328","54.5%","18172","50.2%","4.3pp"
"Teacher's Pest","BG","U","36826","3.95","6633","5.05","32779","80.6%","53.8%","5843","54.7%","7718","54.3%","13561","54.5%","18884","53.2%","1.3pp"
"Ral Zarek, Guest Lecturer","B","M","3259","1.57","1570","1.56","7649","79.7%","53.6%","1357","53.1%","1901","55.4%","3258","54.5%","4315","52.6%","1.8pp"
"Goblin Glasswright","R","C","118001","5.40","21133","7.40","94746","72.3%","53.6%","17127","54.5%","25926","54.2%","43053","54.3%","50703","53.0%","1.3pp"
"Tester of the Tangential","U","U","43257","4.61","7636","6.09","33809","72.5%","52.8%","6027","54.3%","9158","54.3%","15185","54.3%","18126","51.5%","2.8pp"
"The Dawning Archaic","","M","3505","1.75","1731","1.70","9159","86.1%","53.3%","1492","47.9%","2925","57.4%","4417","54.2%","4553","51.7%","2.6pp"
"Withering Curse","B","M","5004","2.42","1519","2.54","6073","66.0%","53.1%","1074","50.2%","1547","56.8%","2621","54.1%","3409","52.0%","2.1pp"
"Spell Pierce","U","U","54836","6.42","6481","9.44","12773","32.0%","51.2%","2219","52.1%","3668","55.3%","5887","54.1%","6619","48.4%","5.7pp"
"Witherbloom Charm","BG","U","43022","4.59","6352","6.33","27851","70.9%","53.6%","4710","51.7%","7127","55.6%","11837","54.1%","15912","53.3%","0.7pp"
"Harmonized Trio","U","R","13557","3.20","3525","3.65","14837","68.7%","52.2%","2673","54.2%","4218","53.8%","6891","54.0%","7716","50.4%","3.5pp"
"Geometer's Arthropod","UG","R","18605","4.35","3219","5.58","9654","48.0%","53.0%","1712","54.6%","2592","53.5%","4304","53.9%","5199","52.1%","1.8pp"
"Honorbound Page","W","C","132874","6.45","17003","9.30","46753","43.0%","54.9%","7990","51.5%","11621","55.5%","19611","53.9%","27040","55.6%","-1.7pp"
"Rapturous Moment","UR","U","49994","5.56","8430","7.57","27210","52.8%","52.4%","4585","50.5%","8047","55.7%","12632","53.8%","13648","50.3%","3.5pp"
"Emil, Vastlands Roamer","G","U","39771","4.24","6887","5.60","32549","77.0%","52.8%","5625","52.1%","9155","54.9%","14780","53.8%","17266","51.7%","2.1pp"
"Mind Roots","BG","U","45751","4.90","6915","6.67","25865","60.2%","52.9%","4465","52.8%","6708","54.5%","11173","53.8%","14518","52.0%","1.8pp"
"Mica, Reader of Ruins","R","U","54731","6.04","7619","8.61","15639","33.1%","53.1%","2596","50.6%","4524","55.6%","7120","53.8%","8366","52.3%","1.5pp"
"Aziza, Mage Tower Captain","WR","R","15208","3.55","3975","4.04","17485","70.6%","54.3%","3027","54.9%","4685","53.0%","7712","53.8%","9752","54.7%","-1.0pp"
"Helping Hand","W","U","48158","5.41","6369","7.73","19901","50.0%","54.8%","3327","52.9%","5024","54.1%","8351","53.7%","11504","55.6%","-1.9pp"
"Pterafractyl","UG","C","124662","5.90","17533","8.44","67702","63.0%","52.6%","11624","49.3%","19375","56.2%","30999","53.7%","34530","50.9%","2.7pp"
"Tackle Artist","R","C","133259","6.64","17936","9.61","51562","45.7%","53.0%","8621","51.8%","14690","54.7%","23311","53.6%","27674","52.3%","1.3pp"
"Orysa, Tide Choreographer","U","U","46360","4.94","7446","6.72","27183","59.7%","52.3%","4602","50.3%","7899","55.6%","12501","53.6%","14194","50.8%","2.8pp"
"Pest Mascot","BG","C","108258","5.15","14066","7.20","65110","74.6%","53.6%","11123","53.5%","16154","53.7%","27277","53.6%","37128","53.6%","0.1pp"
"Mage Tower Referee","","C","144615","7.38","18764","10.59","31785","27.1%","53.4%","5816","52.9%","8044","54.1%","13860","53.6%","17789","53.2%","0.4pp"
"Ancestral Anger","R","C","143394","7.84","19701","10.93","21525","17.4%","53.2%","3591","52.8%","5813","54.0%","9404","53.5%","11924","52.7%","0.9pp"
"Fractal Tender","UG","U","42119","4.47","7329","5.97","31172","70.0%","52.0%","5105","51.3%","8908","54.7%","14013","53.5%","16500","50.4%","3.1pp"
"Mindful Biomancer","G","C","131748","6.34","16087","9.16","56271","56.4%","53.2%","10148","52.5%","13832","54.1%","23980","53.4%","31773","52.9%","0.5pp"
"Shopkeeper's Bane","G","C","131311","6.51","14139","9.68","42881","48.8%","53.1%","7556","53.6%","10390","53.3%","17946","53.4%","24491","52.9%","0.5pp"
"Zimone's Experiment","G","U","52577","5.74","7023","8.20","18785","43.8%","51.5%","3215","50.7%","5323","55.1%","8538","53.4%","10050","50.0%","3.4pp"
"Sneering Shadewriter","B","C","135265","6.58","15630","9.68","44451","45.3%","53.7%","7359","50.4%","11143","55.4%","18502","53.4%","25528","53.6%","-0.3pp"
"Steal the Show","R","R","18847","4.33","3190","5.70","11002","55.0%","53.1%","1868","48.3%","3282","56.2%","5150","53.3%","5635","52.6%","0.7pp"
"Force of Will","U","M","1281","2.61","358","","1406","66.2%","50.7%","231","","422","","653","53.3%","705","47.4%","5.9pp"
"Landscape Painter","U","C","130695","6.12","17988","8.76","64872","58.3%","52.4%","11491","50.6%","18639","54.9%","30130","53.2%","33744","51.6%","1.6pp"
"Muse's Encouragement","U","C","140856","7.15","18809","10.15","43018","37.1%","51.7%","7260","49.6%","12631","55.1%","19891","53.1%","22192","50.2%","2.9pp"
"Pull from the Grave","B","C","138571","6.91","16269","10.11","32569","32.0%","53.2%","5312","49.1%","8203","55.6%","13515","53.0%","18865","53.3%","-0.3pp"
"Page, Loose Leaf","","C","146331","7.85","18523","11.17","21336","18.4%","52.9%","3917","52.6%","5862","53.3%","9779","53.0%","11357","52.8%","0.3pp"
"Muse Seeker","U","U","43056","4.58","8418","5.89","37739","73.1%","52.1%","6915","51.3%","10602","54.1%","17517","53.0%","19659","51.4%","1.6pp"
"Dualcaster Mage","R","R","1340","3.16","335","","1611","79.6%","54.6%","277","","450","","727","53.0%","856","56.0%","-3.0pp"
"Tam, Observant Sequencer","UG","U","36967","3.90","6977","5.08","32638","77.6%","51.8%","5473","49.1%","9344","54.9%","14817","52.7%","17179","50.6%","2.1pp"
"Spectacular Skywhale","UR","U","39802","4.32","7582","5.59","34819","75.0%","52.1%","5853","49.9%","10243","54.2%","16096","52.7%","17838","51.3%","1.3pp"
"Deluge Virtuoso","U","C","132026","6.36","16712","9.26","47968","46.4%","51.7%","8461","49.7%","13723","54.4%","22184","52.6%","24861","50.8%","1.8pp"
"Lumaret's Favor","G","U","59769","6.96","6517","10.32","8634","21.5%","52.5%","1453","49.9%","2066","54.5%","3519","52.6%","5099","52.4%","0.2pp"
"Root Manipulation","BG","U","52537","5.93","6083","8.69","14788","39.2%","52.6%","2437","50.8%","3578","53.7%","6015","52.6%","8727","52.3%","0.2pp"
"Locust Spray","B","U","55851","6.31","6293","9.30","12914","32.9%","53.3%","2235","51.5%","3109","53.3%","5344","52.5%","7528","53.8%","-1.3pp"
"Spiritcall Enthusiast","W","U","46841","5.25","7087","7.19","22557","50.3%","54.4%","3963","52.6%","5552","52.5%","9515","52.5%","13018","55.8%","-3.3pp"
"Scathing Shadelock","B","U","44748","4.79","5717","6.69","22813","64.2%","53.4%","3802","51.6%","5646","53.0%","9448","52.5%","13274","53.9%","-1.4pp"
"Procrastinate","U","C","136526","6.87","17271","9.97","41164","38.7%","51.3%","6973","47.8%","11860","55.1%","18833","52.4%","21338","49.8%","2.6pp"
"Giant Growth","G","U","57004","6.63","5941","10.07","9375","25.6%","51.7%","1536","50.4%","2331","53.7%","3867","52.4%","5473","51.1%","1.2pp"
"Return the Favor","R","U","55330","6.60","6465","9.88","8932","21.9%","51.4%","1509","49.5%","2629","54.0%","4138","52.3%","4654","50.1%","2.3pp"
"Archmage Emeritus","U","R","1103","2.69","367","","1931","81.5%","53.5%","333","","570","53.7%","903","52.3%","987","54.5%","-2.2pp"
"Pigment Wrangler","R","U","40662","4.22","7864","5.53","36619","75.8%","52.4%","6083","49.4%","10617","53.9%","16700","52.3%","19452","52.3%","0.0pp"
"Tenured Concocter","G","C","137970","6.99","15308","10.28","38241","40.6%","52.3%","6256","49.1%","9844","54.2%","16100","52.2%","21724","52.2%","0.1pp"
"Follow the Lumarets","G","C","139243","7.17","15833","10.37","31214","32.0%","52.8%","5589","50.6%","7780","53.3%","13369","52.2%","17734","53.3%","-1.1pp"
"Wild Hypothesis","G","C","136341","6.84","14855","10.19","34469","37.6%","51.3%","5900","48.3%","9625","54.5%","15525","52.2%","18142","49.9%","2.3pp"
"Diary of Dreams","","U","53473","5.62","8286","7.76","26688","52.2%","52.3%","4760","49.8%","7645","53.7%","12405","52.2%","13858","52.3%","-0.1pp"
"Textbook Tabulator","U","C","139588","7.22","16598","10.58","27270","26.6%","50.7%","4820","49.0%","7614","54.0%","12434","52.1%","14454","49.5%","2.6pp"
"Shamanic Revelation","G","R","4429","4.31","553","6.19","1435","42.0%","52.1%","258","","328","","586","52.0%","845","52.2%","-0.1pp"
"Archaeomancer","U","C","2350","5.18","447","","1623","59.3%","50.6%","254","","495","","749","51.9%","828","48.6%","3.4pp"
"Leech Collector","B","U","42978","4.60","6041","6.29","25847","69.0%","52.6%","4564","51.1%","6131","52.4%","10695","51.8%","14908","53.2%","-1.3pp"
"Cheerful Osteomancer","B","C","129226","6.11","15435","8.95","48978","51.1%","52.7%","8216","48.7%","12077","53.9%","20293","51.8%","28133","53.1%","-1.3pp"
"Zaffai and the Tempests","UR","R","18882","4.15","3191","5.57","9704","49.0%","50.6%","1537","46.8%","3067","54.3%","4604","51.8%","4910","49.2%","2.6pp"
"Graduation Day","W","U","45483","5.26","5949","7.21","18004","48.0%","53.4%","3151","53.6%","4253","50.4%","7404","51.8%","10557","54.5%","-2.7pp"
"Duty Beyond Death","W","U","53359","6.39","5861","9.60","7770","21.1%","52.6%","1268","49.1%","1878","53.4%","3146","51.7%","4609","53.2%","-1.5pp"
"Strife Scholar","R","C","140520","7.16","17631","10.39","31358","28.5%","51.9%","5500","50.0%","8466","52.6%","13966","51.6%","17185","52.1%","-0.6pp"
"Fractalize","U","U","57387","6.77","7246","9.75","11535","25.6%","50.6%","1926","46.2%","3200","54.8%","5126","51.5%","6190","49.4%","2.1pp"
"Forum Necroscribe","B","U","37247","4.03","6691","5.17","30502","74.1%","52.8%","5055","48.7%","7646","53.3%","12701","51.5%","17484","53.6%","-2.1pp"
"Nita, Forum Conciliator","WB","R","16977","3.90","3100","4.91","10152","53.3%","52.9%","1797","51.1%","2554","51.7%","4351","51.4%","5739","53.8%","-2.4pp"
"Requisition Raid","W","U","51462","6.01","5520","9.12","8824","25.7%","52.2%","1490","51.3%","2142","51.4%","3632","51.3%","5159","52.8%","-1.4pp"
"Abstract Paintmage","UR","U","45348","5.02","7086","6.74","26615","61.0%","51.3%","4584","50.6%","7816","51.8%","12400","51.3%","13797","51.1%","0.2pp"
"Awaken the Woods","G","M","1308","2.77","329","","1475","73.3%","51.9%","254","","428","","682","51.3%","762","51.0%","0.3pp"
"Spellbook Seeker","U","C","134797","6.58","15799","9.72","34817","36.2%","50.4%","5927","47.8%","10286","53.2%","16213","51.2%","18128","49.5%","1.7pp"
"Aberrant Manawurm","G","U","52606","5.80","6241","8.59","16646","43.4%","50.8%","2780","48.9%","4541","52.6%","7321","51.2%","9125","50.5%","0.7pp"
"Encouraging Aviator","U","U","46631","5.07","6749","6.89","23762","58.8%","50.5%","4073","48.5%","6632","52.8%","10705","51.1%","12701","49.9%","1.3pp"
"Arnyn, Deathbloom Botanist","B","U","42132","4.60","5635","6.36","20669","60.2%","51.7%","3561","48.7%","5073","52.7%","8634","51.1%","11848","52.1%","-1.1pp"
"Maelstrom Artisan","R","R","20051","4.55","2840","6.47","7094","40.2%","51.3%","1238","46.9%","1902","53.7%","3140","51.0%","3913","51.4%","-0.4pp"
"Social Snub","WB","U","57229","6.77","6217","10.11","5952","15.4%","51.5%","997","48.5%","1578","52.4%","2575","50.9%","3330","51.8%","-0.9pp"
"Chelonian Tackle","G","U","54415","5.98","6622","8.68","17232","42.2%","51.4%","2881","47.7%","4448","52.7%","7329","50.7%","9772","51.9%","-1.2pp"
"Blazing Firesinger","R","U","49393","5.48","7065","7.63","21328","49.6%","51.4%","3701","50.1%","5895","51.0%","9596","50.7%","11518","52.1%","-1.4pp"
"Hungry Graffalon","G","C","142291","7.52","14331","11.24","16955","19.2%","50.1%","2860","48.2%","4572","52.1%","7432","50.6%","9302","49.7%","0.9pp"
"Glorious Decay","G","C","145263","8.02","14226","11.94","6425","7.3%","49.8%","1137","47.5%","1697","52.5%","2834","50.5%","3567","49.2%","1.3pp"
"Rabid Attack","B","U","55557","6.42","6286","9.40","11031","28.1%","52.3%","1801","48.1%","2702","52.0%","4503","50.5%","6488","53.6%","-3.1pp"
"Ennis, Debate Moderator","W","U","45051","4.99","6599","6.78","23171","56.0%","53.4%","4182","48.3%","5739","52.0%","9921","50.4%","13195","55.5%","-5.1pp"
"Bulk Up","R","U","56613","6.85","5967","10.35","5974","16.1%","49.8%","936","47.9%","1595","51.9%","2531","50.4%","3400","49.1%","1.3pp"
"Witherbloom, the Balancer","BG","M","3556","1.81","1524","1.85","7028","78.0%","50.5%","1168","47.0%","1925","52.5%","3093","50.4%","3812","50.0%","0.4pp"
"Rearing Embermare","R","C","145922","8.04","17573","11.60","11988","10.9%","51.4%","2034","48.4%","3288","51.6%","5322","50.4%","6622","52.0%","-1.6pp"
"Harsh Annotation","W","U","50902","5.85","4891","9.15","8874","28.7%","50.8%","1521","47.1%","2215","51.8%","3736","49.9%","5091","51.4%","-1.5pp"
"Skycoach Waypoint","","U","61415","7.15","6423","10.74","7702","19.4%","50.9%","1214","50.6%","2003","49.3%","3217","49.8%","4419","51.6%","-1.8pp"
"Daydream","W","U","53593","6.10","6544","8.90","11457","27.7%","51.6%","1910","48.8%","2912","50.3%","4822","49.7%","6606","53.0%","-3.4pp"
"Oracle's Restoration","G","C","142059","7.56","13865","11.33","16372","19.1%","50.5%","2809","48.5%","3923","50.5%","6732","49.7%","9608","50.9%","-1.2pp"
"Ulna Alley Shopkeep","B","C","142986","7.61","14303","11.33","14710","16.5%","50.4%","2584","50.2%","3356","48.7%","5940","49.3%","8688","51.0%","-1.7pp"
"Fractal Anomaly","U","U","59347","7.08","7011","10.33","6045","14.1%","46.7%","991","42.5%","1837","51.2%","2828","48.1%","3117","45.3%","2.8pp"
"Growth Curve","UG","U","57041","6.93","6001","10.49","6234","16.8%","48.2%","1026","46.0%","1721","48.6%","2747","47.6%","3432","48.5%","-0.8pp"
"Efflorescence","G","C","144683","7.91","13813","11.82","7475","8.7%","48.5%","1283","43.6%","1798","49.8%","3081","47.2%","4378","49.2%","-1.9pp"
"Pick Your Poison","G","U","57698","7.03","5453","10.95","2484","7.4%","48.4%","438","","649","47.8%","1087","46.7%","1374","49.9%","-3.1pp"
"Borrowed Knowledge","WR","U","62225","7.76","7203","11.38","1804","4.0%","48.8%","281","","518","46.7%","799","46.7%","1004","50.4%","-3.7pp"
"Zombify","B","U","52832","6.10","5030","9.52","5425","17.7%","48.3%","882","43.7%","1400","48.4%","2282","46.5%","3121","49.6%","-3.0pp"
"Fix What's Broken","WB","R","19765","4.79","2613","6.88","4124","25.2%","50.0%","649","43.3%","1028","47.9%","1677","46.1%","2415","52.5%","-6.4pp"
"Dina's Guidance","BG","R","22745","5.11","2500","8.04","1750","11.3%","47.5%","285","","416","","701","46.1%","1046","48.4%","-2.3pp"
"Comforting Counsel","G","R","17584","4.23","2257","5.95","5732","41.9%","49.0%","969","44.0%","1338","46.0%","2307","45.2%","3413","51.6%","-6.4pp"
"Biblioplex Tomekeeper","","C","149848","8.42","15733","12.21","3037","3.1%","47.5%","441","","809","47.0%","1250","45.0%","1775","49.3%","-4.3pp"
"Choreographed Sparks","R","R","25374","5.57","3006","8.51","2251","12.1%","45.4%","387","","606","46.5%","993","43.3%","1223","46.4%","-3.1pp"
"Pox Plague","B","R","28431","6.32","3187","9.88","137","0.7%","","24","","34","","58","","77","",""
"Petrified Hamlet","","R","29730","6.41","3421","9.80","374","1.7%","","46","","116","","162","","213","",""
"Angel's Grace","W","R","5776","5.68","576","9.22","207","5.6%","","37","","55","","92","","114","",""
"Armageddon","W","M","1779","3.61","359","","1211","52.1%","54.3%","199","","284","","483","","721","54.9%",""
"Return to the Ranks","W","R","5016","5.04","635","7.34","904","22.8%","51.1%","160","","237","","397","","503","52.9%",""
"Flusterstorm","U","M","2485","4.80","308","","427","22.7%","","84","","112","","196","","229","",""
"Pongify","U","R","5379","5.29","528","8.40","696","21.4%","47.3%","130","","210","","340","","334","",""
"Ad Nauseam","B","M","2604","5.04","286","","139","7.6%","","17","","35","","52","","87","",""
"Culling the Weak","B","R","5421","5.60","534","8.92","182","5.6%","","31","","46","","77","","105","",""
"Living End","B","M","2462","4.95","267","","40","2.4%","","6","","15","","21","","19","",""
"Smallpox","B","R","5799","5.79","576","9.22","287","7.9%","","45","","71","","116","","171","",""
"Vampiric Tutor","B","M","1506","3.20","253","","734","48.8%","48.1%","134","","164","","298","","433","",""
"Jeska's Will","R","M","2481","4.89","310","","263","13.7%","","49","","61","","110","","151","",""
"Pyretic Ritual","R","R","5699","5.87","598","9.07","293","7.9%","","49","","70","","119","","168","",""
"Berserk","G","M","2231","4.52","287","","534","30.9%","47.9%","81","","138","","219","","310","",""
"Crop Rotation","G","R","6236","6.20","651","9.66","192","4.6%","","35","","44","","79","","112","",""
"Glimpse of Nature","G","R","5912","5.87","625","9.18","219","5.5%","","39","","57","","96","","119","",""
"Triumph of the Hordes","G","M","1905","4.02","272","","580","36.2%","50.0%","106","","158","","264","","313","",""
"Veil of Summer","G","R","5995","5.96","647","9.28","339","8.5%","","46","","77","","123","","215","",""
"Culling Ritual","BG","R","4631","4.67","546","7.04","920","26.8%","52.5%","152","","246","","398","","516","50.4%",""
"Deflecting Palm","WR","R","5181","5.13","606","7.69","698","18.1%","48.3%","118","","168","","286","","413","",""
"Fracture","WB","R","5367","5.66","572","8.64","493","13.7%","","97","","130","","227","","265","",""
"Magus of the Library","G","R","2010","4.39","309","","814","42.9%","49.3%","127","","206","","333","","475","",""
"Sylvan Library","G","M","1191","2.98","251","","999","63.8%","54.1%","190","","225","","415","","571","55.2%",""
"Adrix and Nev, Twincasters","UG","M","1405","3.48","262","","629","40.5%","48.5%","88","","181","","269","","349","",""
"Codie, Vociferous Codex","","R","2356","5.04","386","","735","30.2%","54.8%","132","","240","","372","","340","",""